Source	Target
AAXJ	AHPI
AAXJ	EEI
AAXJ	MCEP
ABCB	BABY
ABCB	FEYE
ABCB	FMBH
ACAD	BBBY
ACAD	SGC
ACAD	ZIONW
ACWI	ACWI
ACWI	ADRA
ACWI	ADRD
ACWI	ADRE
ACWI	BYFC
ACWI	CCXI
ACWI	CEVA
ACWI	CFNL
ACWI	CHUY
ACWI	CIGI
ACWI	CIVBP
ACWI	CSPI
ACWI	DGRE
ACWI	DGRS
ACWI	DXCM
ACWI	EEI
ACWI	ETRM
ACWI	FDML
ACWI	FEMS
ACWI	FEUZ
ACWI	FLDM
ACWI	FNSR
ACWI	FNX
ACWI	FSZ
ACWI	FTAG
ACWI	FTC
ACWI	FUNC
ACWI	FUND
ACWI	FXCM
ACWI	FYC
ACWI	FYT
ACWI	IFEU
ACWI	IFON
ACWI	IFV
ACWI	IPHS
ACWI	IVAC
ACWI	JKHY
ACWI	LMBS
ACWI	ONCS
ACWI	PPC
ACWI	PRFT
ACWI	PRFZ
ACWI	PSCH
ACWI	QNST
ACWI	QQEW
ACWI	QQQC
ACWI	QQQX
ACWI	QSII
ACWI	RDUS
ACWI	RNWK
ACWI	SCOR
ACWI	SCYX
ACWI	SKYW
ACWI	TCX
ACWI	TOWN
ACWI	VALU
ACWI	VICR
ACWI	VNOM
ACWI	VOD
ACWI	VONE
ACWI	VONG
ACWI	VRSK
ACWI	VTGN
ACWI	VTWG
ACWI	VTWO
ACWI	VTWV
ACWI	VWR
ACWI	WMIH
ACWI	WPCS
ACWI	XGTIW
ACWX	AAXJ
ACWX	ACWI
ACWX	ADRA
ACWX	ADRD
ACWX	ADRE
ACWX	AHPI
ACWX	AIRM
ACWX	BRKL
ACWX	CARV
ACWX	CCXI
ACWX	CFNL
ACWX	CHUY
ACWX	CIVBP
ACWX	CSPI
ACWX	DAVE
ACWX	DGLY
ACWX	DGRE
ACWX	DGRS
ACWX	DXPE
ACWX	EMCI
ACWX	ETRM
ACWX	FDML
ACWX	FELE
ACWX	FEMS
ACWX	FES
ACWX	FGEN
ACWX	FIZZ
ACWX	FKO
ACWX	FLDM
ACWX	FNJN
ACWX	FNSR
ACWX	FOXF
ACWX	FSTR
ACWX	FSZ
ACWX	FUNC
ACWX	FUND
ACWX	FXCM
ACWX	HPJ
ACWX	ICFI
ACWX	IEUS
ACWX	IFEU
ACWX	IFON
ACWX	IFV
ACWX	IPHS
ACWX	IVAC
ACWX	JKHY
ACWX	MPET
ACWX	NDRM
ACWX	PPC
ACWX	PSCH
ACWX	QBAK
ACWX	QNST
ACWX	QQQX
ACWX	RDUS
ACWX	SCOR
ACWX	SCYX
ACWX	SKYW
ACWX	SNSS
ACWX	TCX
ACWX	VALU
ACWX	VICR
ACWX	VNOM
ACWX	VOD
ACWX	VONG
ACWX	VTGN
ACWX	VTWO
ACWX	VTWV
ACWX	VWR
ACWX	WPCS
ACWX	XGTIW
ADI	MVIS
ADI	QSII
ADI	SORL
ADI	XIV
ADP	CENX
ADP	CFNL
ADP	CIGI
ADP	FEUZ
ADP	FTAG
ADP	FTC
ADP	FYT
ADP	JAZZ
ADP	ONCS
ADP	PATK
ADP	PDCE
ADP	PRFT
ADP	QNST
ADP	QQQC
ADP	QQQX
ADP	SNMX
ADP	VTWG
ADP	VTWV
ADRD	ACWI
ADRD	ACWX
ADRD	ADRE
ADRD	ETRM
ADRD	FEMS
ADRD	IFV
ADRD	IPHS
ADRD	IVAC
ADRD	SCYX
ADRD	VICR
ADRD	VNOM
ADRD	VWR
ADRE	AAXJ
ADRE	DGLY
ADRE	FELE
ADRE	VWR
ADRU	ACWI
ADRU	ACWX
ADRU	ADRA
ADRU	ADRD
ADRU	ADRE
ADRU	CARV
ADRU	ETRM
ADRU	FEMS
ADRU	IFON
ADRU	IFV
ADRU	IPHS
ADRU	IVAC
ADRU	PRFT
ADRU	SCYX
ADRU	SKYW
ADRU	VICR
ADRU	VNOM
ADRU	VWR
AGIO	CMPR
AGIO	ZIONW
AIA	AAXJ
AIA	ACWX
AIA	EEI
AIA	IVAC
AIA	MCEP
AIA	VICR
AIRR	PSCH
AIRR	VTWO
ALGT	SKYS
ALNY	BBBY
ALNY	RAND
ALOG	AAXJ
ALOG	FAB
ALOG	FXCM
ALOG	GROW
ALOG	PRFZ
ALOG	PSCF
AMGN	ALNY
AMGN	AZPN
AMGN	BBBY
AMGN	BBGI
AMGN	BBOX
AMGN	BHBK
AMGN	CECO
AMGN	CLDCW
AMGN	CYNA
AMGN	DXGE
AMGN	EKSO
AMGN	FUND
AMGN	IART
AMGN	INWK
AMGN	JJSF
AMGN	NCTY
AMGN	NKSH
AMGN	PSCF
AMGN	PTIE
AMGN	QNST
AMGN	QQQX
AMGN	REGI
AMGN	SNMX
AMGN	SWIR
AMGN	TOWN
AMGN	TSRI
AMGN	VRTU
AMGN	VTGN
AMGN	VTNR
AMGN	VTWG
AMGN	XGTIW
AMSG	AMSG
AMSGP	AMSG
AMTD	CBRL
AMTD	FISV
AMTD	FMBH
AMTD	PACB
ANSS	CARV
ANSS	CDC
APDNW	APDN
AROW	DCIX
AROW	NBN
AVGO	SORL
AVGO	TOWN
BANF	CFNB
BANF	COKE
BANF	FEYE
BANF	FMBH
BANF	HABT
BANF	HOMB
BANF	IBCP
BANF	IRWD
BANF	TRS
BANF	UBSH
BANF	WABC
BANF	ZGNX
BANR	NBN
BBC	ACAD
BBC	ACHN
BBC	ACOR
BBC	AGEN
BBC	AGIO
BBC	ALKS
BBC	ALNY
BBC	AMAG
BBC	AMGN
BBC	ARIA
BBC	BBGI
BBC	BBOX
BBC	BHBK
BBC	CLDCW
BBC	CMPR
BBC	CORI
BBC	CYRX
BBC	ENT
BBC	FUND
BBC	GGAL
BBC	IART
BBC	INCR
BBC	INDY
BBC	INOD
BBC	IROQ
BBC	KOSS
BBC	KTOS
BBC	MDCA
BBC	MDSY
BBC	NAVI
BBC	NKTR
BBC	OMED
BBC	PRSS
BBC	PTIE
BBC	RGLD
BBC	STLY
BBC	TGLS
BBC	THFF
BBC	TSRI
BBC	VRTX
BBH	ACAD
BBH	ALKS
BBH	ALNY
BBH	AMGN
BBH	ARIA
BBH	BBC
BBH	BBOX
BBH	BHBK
BBH	BIDU
BBH	CECO
BBH	FUND
BBH	IART
BBH	IKNX
BBH	INWK
BBH	REGI
BBH	TOWN
BBP	ACAD
BBP	BBC
BBP	BBH
BBP	BHBK
BBP	BMRC
BBP	IART
BBP	INCR
BBP	MDSY
BIB	ACAD
BIB	ALKS
BIB	AMGN
BIB	BBH
BIB	BBP
BIB	CECO
BIB	HALL
BIB	IART
BIB	INOD
BIB	OTEX
BIB	THFF
BIB	VRTU
BLKB	JJSF
BMRN	ACAD
BMRN	ALNY
BMRN	BBC
BMRN	BBP
BMRN	BIB
BMRN	CCUR
BMRN	INOD
BMRN	PGLC
BMRN	RAND
BOKF	CATM
BOKF	CBRL
BOKF	COKE
BOKF	FISV
BOKF	FMBH
BOKF	FULLL
BOKF	HAWK
BOKF	PULM
BOKF	TBRA
BOKF	TRMB
BOKF	ZGNX
BPFH	CFNB
BPFH	FEYE
BPFH	FHK
BPFH	FMBH
BPFH	HOMB
BPFH	IBKR
BPFH	MBCN
BPFH	ON
BPFH	PZZA
BPFH	SWKS
BPFH	TRS
BPFH	UMBF
BPFH	VXUS
BPFH	ZGNX
BPOP	FMBH
BSTC	ZG
BUSE	BANR
BUSE	FFHL
BUSE	FMBH
BUSE	LJPC
BUSE	MBCN
BUSE	NBN
BUSE	ON
BUSE	SWKS
BWINB	TGTX
CA	CSBR
CA	DGRS
CA	DXPE
CA	FISI
CA	FUNC
CA	PSCH
CA	QQEW
CA	QSII
CA	SKYW
CA	SWKS
CA	TCX
CA	TOWN
CA	VRSK
CA	XGTIW
CARZ	ACWX
CARZ	ADRD
CARZ	CIVBP
CARZ	ETRM
CARZ	FEMS
CARZ	IVAC
CARZ	VWR
CASY	UNB
CATY	CUTR
CATY	FMBH
CATY	GASS
CATY	HABT
CATY	IBCP
CATY	PNBK
CATY	PULM
CATY	PZZA
CATY	TBRA
CATY	TRMB
CATY	UMBF
CATY	ZGNX
CBSH	AMTD
CBSH	BANF
CBSH	BRKL
CBSH	CATY
CBSH	CFNB
CBSH	COKE
CBSH	CSCO
CBSH	CUTR
CBSH	EVOL
CBSH	FEYE
CBSH	FFHL
CBSH	FFIC
CBSH	FHK
CBSH	FISV
CBSH	FMBH
CBSH	FULLL
CBSH	GASS
CBSH	HABT
CBSH	HAWK
CBSH	IBCP
CBSH	LJPC
CBSH	MBCN
CBSH	NBN
CBSH	NVMI
CBSH	ON
CBSH	PACB
CBSH	PBBI
CBSH	PNBK
CBSH	PULM
CBSH	PZZA
CBSH	RNET
CBSH	SBLKL
CBSH	SITO
CBSH	SWKS
CBSH	TRMB
CBSH	UBOH
CBSH	UCBA
CBSH	ULTR
CBSH	UMBF
CBSH	VXUS
CBSH	WABC
CBSH	ZGNX
CDC	ACIW
CDC	ACWI
CDC	ACWX
CDC	ADRD
CDC	ADRU
CDC	AZPN
CDC	BBBY
CDC	CFNL
CDC	CSPI
CDC	DGRE
CDC	DGRS
CDC	EGBN
CDC	FARO
CDC	FEUZ
CDC	FISV
CDC	FMI
CDC	FNSR
CDC	FNX
CDC	FSZ
CDC	FTAG
CDC	FTC
CDC	FUNC
CDC	FUND
CDC	FXCM
CDC	FYC
CDC	HDRA
CDC	IFV
CDC	IVAC
CDC	JKHY
CDC	MITL
CDC	NWS
CDC	PBBI
CDC	PBSK
CDC	PRFT
CDC	QNST
CDC	QQQX
CDC	QSII
CDC	RDUS
CDC	SKYW
CDC	SPLK
CDC	STRT
CDC	TCX
CDC	TOWN
CDC	VALU
CDC	VICR
CDC	VNOM
CDC	VOD
CDC	VONG
CDC	VTGN
CDC	VTWG
CDC	VTWO
CDC	VTWV
CDC	VWR
CDC	WMIH
CDC	ZGNX
CELG	AMGN
CELG	BBH
CELG	BIB
CELG	HALL
CELG	IART
CEMP	ALNY
CENT	CENT
CENTA	CENT
CFA	CFNL
CFA	FNSR
CFA	VOD
CFA	VONG
CFFN	CATY
CFNL	BANF
CFNL	BPFH
CFNL	BRKL
CFNL	CATY
CFNL	COKE
CFNL	CUTR
CFNL	FEYE
CFNL	FFIC
CFNL	FHK
CFNL	FMBH
CFNL	FULLL
CFNL	GASS
CFNL	HABT
CFNL	HOMB
CFNL	HTLD
CFNL	IBCP
CFNL	IBKR
CFNL	INCY
CFNL	MBCN
CFNL	NBN
CFNL	ON
CFNL	PBBI
CFNL	PETX
CFNL	PNBK
CFNL	PZZA
CFNL	SWKS
CFNL	TBRA
CFNL	TRMB
CFNL	UBSH
CFNL	UCBA
CFNL	UMBF
CFNL	WABC
CFNL	WTBA
CFNL	ZGNX
CFO	ACWI
CFO	ACWX
CFO	ADBE
CFO	ADP
CFO	ADRD
CFO	ADRE
CFO	ADRU
CFO	AEIS
CFO	AIRR
CFO	AKAM
CFO	AMAT
CFO	AMNB
CFO	AMTD
CFO	AMZN
CFO	ANSS
CFO	AZPN
CFO	BANF
CFO	BBH
CFO	BGCP
CFO	BOKF
CFO	BRKL
CFO	BRKS
CFO	CA
CFO	CARZ
CFO	CATY
CFO	CBSH
CFO	CDC
CFO	CFA
CFO	CFFN
CFO	CGNT
CFO	CGNX
CFO	CHUY
CFO	CIGI
CFO	CIVBP
CFO	CMCO
CFO	COKE
CFO	COLM
CFO	CSCO
CFO	CSPI
CFO	CSWC
CFO	CSX
CFO	CUTR
CFO	DCIX
CFO	DGRE
CFO	DGRS
CFO	DVCR
CFO	DXCM
CFO	DXPE
CFO	ENTA
CFO	ESMC
CFO	ESXB
CFO	ETRM
CFO	EVOL
CFO	EZPW
CFO	FAB
CFO	FDML
CFO	FEMS
CFO	FEUZ
CFO	FEYE
CFO	FHK
CFO	FISI
CFO	FISV
CFO	FIZZ
CFO	FLDM
CFO	FLIC
CFO	FMBH
CFO	FMI
CFO	FNJN
CFO	FNSR
CFO	FNX
CFO	FOMX
CFO	FOSL
CFO	FOX
CFO	FSZ
CFO	FTAG
CFO	FTC
CFO	FULLL
CFO	FUNC
CFO	FUND
CFO	FXCM
CFO	FYC
CFO	FYT
CFO	GASS
CFO	GNMK
CFO	GOOG
CFO	HAWK
CFO	HDRA
CFO	HSGX
CFO	IART
CFO	IBKR
CFO	ICFI
CFO	IFEU
CFO	IFON
CFO	IFV
CFO	INTLL
CFO	IPHS
CFO	ISIG
CFO	IVAC
CFO	JAZZ
CFO	JBSS
CFO	JKHY
CFO	LBRDK
CFO	LMBS
CFO	LMCA
CFO	LUNA
CFO	MAMS
CFO	MCHI
CFO	MEMP
CFO	MKSI
CFO	MPET
CFO	MSFG
CFO	NCTY
CFO	NWS
CFO	ON
CFO	ONCS
CFO	OXLCO
CFO	PACB
CFO	PATK
CFO	PBBI
CFO	PBSK
CFO	PNNT
CFO	PPC
CFO	PRFT
CFO	PRFZ
CFO	PSAU
CFO	PSCE
CFO	PSCH
CFO	PSCM
CFO	PSMT
CFO	PZZA
CFO	QBAK
CFO	QGEN
CFO	QNST
CFO	QQEW
CFO	QQQC
CFO	QQQX
CFO	QSII
CFO	RDUS
CFO	RNWK
CFO	ROIAK
CFO	RPXC
CFO	SCOR
CFO	SCYX
CFO	SEED
CFO	SIR
CFO	SITO
CFO	SKYW
CFO	SNMX
CFO	SORL
CFO	TCBIW
CFO	TCX
CFO	TEAR
CFO	TOWN
CFO	TRIL
CFO	TROVW
CFO	TTEC
CFO	TWOU
CFO	UMBF
CFO	VALU
CFO	VGSH
CFO	VIA
CFO	VICR
CFO	VNOM
CFO	VOD
CFO	VONE
CFO	VONG
CFO	VRSK
CFO	VTGN
CFO	VTNR
CFO	VTWG
CFO	VTWO
CFO	VTWV
CFO	VWR
CFO	VXUS
CFO	WCFB
CFO	WMIH
CFO	WOOD
CFO	WPCS
CFO	WVVI
CFO	XGTIW
CFO	ZGNX
CHFC	BANR
CHFC	BDGE
CHFC	BPFH
CHFC	CATY
CHFC	CFNL
CHFC	COB
CHFC	COKE
CHFC	CTAS
CHFC	CUTR
CHFC	FEYE
CHFC	FFHL
CHFC	FFIC
CHFC	FHK
CHFC	FMBH
CHFC	FULLL
CHFC	GASS
CHFC	HAWK
CHFC	HOMB
CHFC	HTLD
CHFC	INCY
CHFC	IRWD
CHFC	NBN
CHFC	NVMI
CHFC	PBBI
CHFC	PNBK
CHFC	PZZA
CHFC	SANW
CHFC	SQQQ
CHFC	SRSC
CHFC	STBA
CHFC	SWKS
CHFC	TOUR
CHFC	TRMB
CHFC	TRS
CHFC	UBOH
CHFC	UBSH
CHFC	UMBF
CHFC	WABC
CHFC	WAFDW
CHFC	WTBA
CHRW	EXLS
CHRW	QBAK
CHW	CGO
CINF	EZPW
CINF	FCAP
CINF	FNSR
CINF	FSZ
CINF	HELE
CINF	ONCS
CINF	PRFT
CINF	SKYW
CIVBP	BBRY
CIVBP	EFII
CIVBP	FWRD
CIVBP	LTEA
CIVBP	OLED
CIVBP	QINC
CIVBP	QQQ
CIVBP	SOCL
CIZ	ETRM
CIZ	IVAC
CIZ	VWR
CLDC	BCOM
CLDC	EIGI
CLDC	HTBK
CLDC	NVDA
CLDC	OFS
CMRX	PRSS
COLB	CATY
COLB	CFNL
COLB	CUTR
COLB	EVOL
COLB	FMBH
COLB	FULLL
COLB	HOMB
COLB	ON
COLB	PBBI
COLB	PZZA
COLB	TRMB
COLB	UBSH
COLB	WABC
COLB	WTBA
COMT	AXAS
COMT	FTR
COMT	PSCD
COST	FEUZ
COST	VNOM
CRZO	AXAS
CRZO	PSCD
CSCO	DGRS
CSCO	NCTY
CSCO	QQEW
CSCO	QSII
CSCO	TCX
CSCO	TOWN
CSF	FXCM
CSF	PBBI
CSF	VALU
CSF	VTNR
CSF	VTWO
CSQ	CFO
CSQ	ICFI
CSQ	QQQX
CSQ	VALU
CSQ	VONE
CTAS	FTAG
CTAS	FUND
CTAS	ONCS
CTAS	VTWG
CTBI	CUTR
CTBI	FMBH
CTBI	UBSH
CVBF	BANR
CVBF	CATY
CVBF	COLB
CVBF	FMBH
CVBF	FULLL
CVBF	GASS
CVBF	ON
CVBF	PNBK
CVBF	PZZA
CVBF	SWKS
CVBF	TBRA
CVBF	TRMB
CVBF	UBSH
CVBF	ULTR
CVBF	VXUS
CVBF	WABC
DAX	FGEN
DCOM	BANR
DCOM	BRKL
DCOM	CATY
DCOM	CHFC
DCOM	CVBF
DCOM	EGLT
DCOM	FFHL
DCOM	FMBH
DCOM	FULLL
DCOM	GRVY
DCOM	MBCN
DCOM	NBN
DCOM	ON
DCOM	PBBI
DCOM	PZZA
DCOM	SWKS
DCOM	TRMB
DCOM	TRS
DCOM	UBSH
DCOM	UCBA
DCOM	UTSI
DCOM	VXUS
DCOM	WABC
DFVL	COKE
DGICB	AEMD
DGICB	FSAM
DGICB	RELL
DGICB	WINS
DGRE	ADRE
DGRE	FELE
DGRS	DGRS
DGRS	FEUZ
DGRS	FNSR
DGRS	FSZ
DGRS	PRFT
DGRS	VOD
DGRS	VTWG
DGRW	ACWI
DGRW	CA
DGRW	CFO
DGRW	DGRS
DGRW	FEUZ
DGRW	FNSR
DGRW	FNX
DGRW	FTAG
DGRW	FTC
DGRW	FXCM
DGRW	FYT
DGRW	JJSF
DGRW	JKHY
DGRW	NWS
DGRW	ONCS
DGRW	PSCH
DGRW	QNST
DGRW	QQEW
DGRW	QQQC
DGRW	QQQX
DGRW	QSII
DGRW	RNWK
DGRW	SKYW
DGRW	TCX
DGRW	TOWN
DGRW	VALU
DGRW	VOD
DGRW	VONE
DGRW	VONG
DGRW	VRSK
DGRW	VTGN
DGRW	VTWG
DGRW	VTWV
DISCA	DISCB
DISCK	DISCA
DLBL	CTRN
DLBL	DTUS
DLBS	TANNL
DTUL	NGHC
DTUL	PVTB
DTYL	AAXJ
DTYL	ADBE
DTYL	ADVM
DTYL	AEGN
DTYL	AEGR
DTYL	AGIO
DTYL	AIRT
DTYL	ALOT
DTYL	AMCN
DTYL	AMRI
DTYL	AMRN
DTYL	AMSWA
DTYL	ANSS
DTYL	AOSL
DTYL	APPS
DTYL	ARRY
DTYL	ARTW
DTYL	ATVI
DTYL	BBBY
DTYL	BEBE
DTYL	BONT
DTYL	BRID
DTYL	BSFT
DTYL	BSQR
DTYL	CAAS
DTYL	CACQ
DTYL	CALD
DTYL	CAMT
DTYL	CAPN
DTYL	CATM
DTYL	CBLI
DTYL	CDXC
DTYL	CENT
DTYL	CENTA
DTYL	CETV
DTYL	CFBK
DTYL	CHCI
DTYL	CJJD
DTYL	COHU
DTYL	COVS
DTYL	CRAY
DTYL	CRDS
DTYL	CTRN
DTYL	CYOU
DTYL	CYRN
DTYL	CYTK
DTYL	CYTX
DTYL	DAVE
DTYL	DAX
DTYL	DCIX
DTYL	DHRM
DTYL	DJCO
DTYL	DORM
DTYL	DSKX
DTYL	DTSI
DTYL	DTYS
DTYL	DXCM
DTYL	EBAY
DTYL	EBIO
DTYL	EDUC
DTYL	EGHT
DTYL	ELSE
DTYL	EMCG
DTYL	EMIF
DTYL	EPAY
DTYL	EXAS
DTYL	EXPO
DTYL	FBNK
DTYL	FBZ
DTYL	FDIV
DTYL	FEIM
DTYL	FEMB
DTYL	FEP
DTYL	FES
DTYL	FRAN
DTYL	FRME
DTYL	FSBC
DTYL	FSFG
DTYL	FSLR
DTYL	FSNN
DTYL	FTD
DTYL	FTNT
DTYL	GALE
DTYL	GEOS
DTYL	GNVC
DTYL	GROW
DTYL	HAWK
DTYL	HELE
DTYL	HMNF
DTYL	HOVNP
DTYL	HSIC
DTYL	HTCH
DTYL	HUBG
DTYL	HURC
DTYL	IBKR
DTYL	IGF
DTYL	IMGN
DTYL	IMMR
DTYL	INO
DTYL	INWK
DTYL	IPAR
DTYL	IPCC
DTYL	IRBT
DTYL	IRDM
DTYL	ISTR
DTYL	ITUS
DTYL	JCTCF
DTYL	JD
DTYL	JNP
DTYL	KEYW
DTYL	KFFB
DTYL	KINS
DTYL	KLXI
DTYL	KMDA
DTYL	KOPN
DTYL	KWEB
DTYL	LAWS
DTYL	LGIH
DTYL	LION
DTYL	LMIA
DTYL	LOCO
DTYL	LVNTA
DTYL	LWAY
DTYL	MBWM
DTYL	MCEP
DTYL	MDRX
DTYL	MDXG
DTYL	MFIN
DTYL	MKTX
DTYL	MLAB
DTYL	MMAC
DTYL	MOSY
DTYL	MTSL
DTYL	MXWL
DTYL	MYRG
DTYL	NANO
DTYL	NBTB
DTYL	NDRM
DTYL	NEOT
DTYL	NFEC
DTYL	NLNK
DTYL	NRCIB
DTYL	NTES
DTYL	NWFL
DTYL	NXEO
DTYL	OBAS
DTYL	OBCI
DTYL	OCLR
DTYL	OFED
DTYL	ONTX
DTYL	OSM
DTYL	PAAS
DTYL	PDCO
DTYL	PFBC
DTYL	POWI
DTYL	PRAH
DTYL	PRGS
DTYL	PRGX
DTYL	PSTB
DTYL	PTLA
DTYL	PULM
DTYL	QAT
DTYL	QCRH
DTYL	QQQ
DTYL	RAVE
DTYL	RBCAA
DTYL	RCMT
DTYL	RICK
DTYL	RMCF
DTYL	ROIA
DTYL	RSTI
DTYL	RTK
DTYL	RVSB
DTYL	SAFT
DTYL	SASR
DTYL	SGI
DTYL	SGMA
DTYL	SGRP
DTYL	SHIP
DTYL	SKOR
DTYL	SKUL
DTYL	SMBC
DTYL	SMED
DTYL	SNSS
DTYL	SOHOL
DTYL	SPPI
DTYL	SRPT
DTYL	STEM
DTYL	STX
DTYL	SYMC
DTYL	TAYD
DTYL	TCFC
DTYL	TGLS
DTYL	TINY
DTYL	TTMI
DTYL	TTNP
DTYL	TUBE
DTYL	UDF
DTYL	UFCS
DTYL	UTHR
DTYL	VASC
DTYL	VIAV
DTYL	VICL
DTYL	WDFC
DTYL	WINA
DTYL	WINT
DTYL	WYNN
DTYL	XGTIW
DTYL	XNCR
DTYL	YHOO
DTYL	ZIOP
DTYL	ZN
DTYS	TANNL
DWAT	CFO
DWAT	FTAG
DWAT	FTC
DWAT	FUND
DWAT	FXCM
DWAT	QQQX
DWAT	VONE
DWAT	VONG
DWAT	VTWV
DXPS	ETRM
EBAY	CSQ
EBAY	QNST
EBAY	QQEW
EBAY	TOWN
EEMA	AAXJ
EEMA	ADRE
EEMA	AIA
EEMA	EMCI
EEMA	FELE
EEMA	IFV
EEMA	IVAC
EEMA	MCEP
EEMA	VNOM
EFII	FUNC
EFII	MAMS
EFII	WDFC
EMIF	VNOM
EQIX	ZIOP
EUFN	ACWX
EUFN	ADRD
EUFN	ADRU
EUFN	DAX
EUFN	FEMS
EUFN	FGEN
EUFN	IFON
EUFN	IPHS
EUFN	IVAC
EUFN	SCYX
EUFN	VICR
EUFN	VNOM
EUFN	VWR
EWBC	CATY
EXPD	CHRW
FAB	FEUZ
FAB	FNJN
FAB	FNSR
FAB	FSZ
FAB	FYC
FAB	JKHY
FAD	CFO
FAD	DGRW
FAD	FNSR
FAD	FNX
FAD	FTAG
FAD	FTC
FAD	FUNC
FAD	FUND
FAD	FXCM
FAD	ONCS
FAD	PRFT
FAD	QNST
FAD	QQQX
FAD	VALU
FAD	VOD
FAD	VONE
FAD	VTNR
FAST	AEGN
FAST	AIRR
FCA	KVHI
FCAN	COMT
FDT	ACWI
FDT	ACWX
FDT	ADRD
FDT	FKO
FDT	IFV
FDT	IVAC
FDT	SCYX
FDT	VWR
FEM	AAXJ
FEM	AIA
FEMB	DENN
FEP	ACWX
FEP	ADRD
FEP	EUFN
FEP	IVAC
FEP	SCYX
FEP	VWR
FEUZ	ADRU
FEUZ	CHW
FEUZ	EUFN
FEUZ	FEP
FEUZ	FGEN
FEUZ	IFV
FEUZ	VWR
FEX	CFO
FEX	DGRS
FEX	DGRW
FEX	FMI
FEX	FNJN
FEX	FNSR
FEX	FSZ
FEX	FTC
FEX	JKHY
FEX	QNST
FEX	RDUS
FEX	TCX
FEX	VOD
FEX	VONG
FEX	VTGN
FEX	VTWV
FFBC	BPFH
FFBC	FHK
FFBC	FMBH
FFBC	GASS
FFBC	MBCN
FFBC	SITO
FFIN	FFBC
FFIN	FMBH
FFIN	GASS
FGM	DXGE
FGM	EUFN
FGM	FEP
FIBK	FFBC
FIBK	FMBH
FIBK	GASS
FIBK	SWKS
FISI	BRKL
FISI	BUSE
FISI	FFBC
FISI	FRGI
FISI	LJPC
FISI	NBN
FISI	SFM
FISI	SWKS
FISI	TRS
FISI	UBOH
FISI	UCBA
FISV	CINF
FISV	DGRW
FISV	FNX
FISV	TCX
FISV	VRSK
FITB	COLB
FITB	FULLL
FITB	HAWK
FITB	ZGNX
FKU	FEP
FKU	IEUS
FKU	SCYX
FLN	EMCG
FLN	EWZS
FMBI	BANF
FMBI	BOKF
FMBI	BPFH
FMBI	BRKL
FMBI	CATY
FMBI	CBSH
FMBI	CFNL
FMBI	CHFC
FMBI	COLB
FMBI	CVBF
FMBI	DCOM
FMBI	EGBN
FMBI	FFBC
FMBI	FFIC
FMBI	FIBK
FMBI	FITB
FMBI	FULLL
FMBI	GASS
FMBI	HABT
FMBI	HAWK
FMBI	HBCP
FMBI	HOLX
FMBI	HOMB
FMBI	HTLD
FMBI	IBCP
FMBI	IBKR
FMBI	INCY
FMBI	IRWD
FMBI	LJPC
FMBI	MBCN
FMBI	NBN
FMBI	ON
FMBI	PACB
FMBI	PBBI
FMBI	PNBK
FMBI	PULM
FMBI	PZZA
FMBI	SBLKL
FMBI	SITO
FMBI	SWKS
FMBI	TBRA
FMBI	TRMB
FMBI	TRS
FMBI	UBSH
FMBI	UMBF
FMBI	WABC
FMBI	WTBA
FMBI	ZGNX
FMK	CDC
FMK	CFA
FMK	CFO
FMK	CSQ
FMK	DGRW
FMK	FEX
FMK	FTC
FMK	JKHY
FMK	QNST
FMK	QSII
FMK	RDUS
FMK	VOD
FMK	VONG
FNK	FAB
FNK	FEX
FNK	FNSR
FNK	FSZ
FNK	FYC
FNK	JKHY
FNK	PSCH
FNK	QBAK
FNK	VALU
FNK	VTWV
FNX	ACWI
FNX	AIRR
FNX	CFO
FNX	CHW
FNX	CSQ
FNX	DGRS
FNX	DGRW
FNX	FAB
FNX	FAD
FNX	FAST
FNX	FEX
FNX	FMK
FNX	FNK
FNX	FNX
FNX	FSZ
FNX	FTAG
FNX	FTC
FNX	FYC
FNX	FYT
FNX	IFV
FNX	JKHY
FNX	NWS
FNX	ONCS
FNX	PRFT
FNX	PSCH
FNX	QBAK
FNX	QNST
FNX	QQEW
FNX	QQQX
FNX	QSII
FNX	RDUS
FNX	SKYW
FNX	TCX
FNX	TOWN
FNX	VALU
FNX	VOD
FNX	VONE
FNX	VONG
FNX	VTGN
FNX	VTNR
FNX	VTWG
FNX	VTWO
FNX	VTWV
FNY	ACWI
FNY	ANSS
FNY	CFO
FNY	CHW
FNY	DGRW
FNY	DXPS
FNY	FAD
FNY	FEX
FNY	FNX
FNY	FTAG
FNY	FTC
FNY	FUND
FNY	FXCM
FNY	JJSF
FNY	NWS
FNY	ONCS
FNY	PATK
FNY	PRFT
FNY	PSCC
FNY	PSCH
FNY	PSCM
FNY	QNST
FNY	QQEW
FNY	QQQX
FNY	QSII
FNY	SKYW
FNY	SNMX
FNY	SORL
FNY	TOWN
FNY	VALU
FNY	VOD
FNY	VONE
FNY	VONG
FNY	VTGN
FNY	VTNR
FNY	VTWG
FNY	VTWO
FNY	VTWV
FNY	ZIOP
FOX	FOX
FOX	SPLK
FOXA	FOX
FRME	FITB
FRME	IRWD
FRME	NBN
FRME	UMBF
FSZ	FEP
FTA	ACWI
FTA	CDC
FTA	CFO
FTA	DGRS
FTA	DGRW
FTA	FAB
FTA	FEX
FTA	FNK
FTA	FNX
FTA	FYC
FTA	IFV
FTA	JKHY
FTA	RDUS
FTA	VICR
FTA	VONG
FTA	VTGN
FTA	VTWV
FTC	ACWI
FTC	ADP
FTC	ANSS
FTC	BBH
FTC	CDC
FTC	CDNS
FTC	CELG
FTC	CFO
FTC	CINF
FTC	CSCO
FTC	CSF
FTC	CTAS
FTC	CTSH
FTC	DGRW
FTC	DWAT
FTC	FAD
FTC	FARO
FTC	FEX
FTC	FISV
FTC	FMK
FTC	FNX
FTC	FNY
FTC	FTC
FTC	FUNC
FTC	FUND
FTC	FXCM
FTC	FYT
FTC	HSGX
FTC	JAZZ
FTC	JJSF
FTC	JKHY
FTC	LMBS
FTC	LUNA
FTC	MANT
FTC	MEMP
FTC	NWS
FTC	ONCS
FTC	PATK
FTC	PPC
FTC	PRFT
FTC	PSCC
FTC	PSCF
FTC	PSCH
FTC	PSCM
FTC	QNST
FTC	QQEW
FTC	QQQC
FTC	QQQX
FTC	QSII
FTC	RDUS
FTC	SBLKL
FTC	SBSI
FTC	SCOR
FTC	SKYW
FTC	SNMX
FTC	TCX
FTC	TEAR
FTC	TOWN
FTC	TSC
FTC	VALU
FTC	VOD
FTC	VONE
FTC	VONG
FTC	VRSK
FTC	VTGN
FTC	VTNR
FTC	VTWG
FTC	VTWO
FTC	VTWV
FTC	ZIOP
FTCS	ACWI
FTCS	CFA
FTCS	CFO
FTCS	DGRW
FTCS	FEX
FTCS	FNX
FTCS	FNY
FTCS	FTA
FTCS	FTC
FTCS	FXCM
FTCS	PRFT
FTCS	QNST
FTCS	QQEW
FTCS	QQQX
FTCS	QSII
FTCS	RDUS
FTCS	SKYW
FTCS	TCX
FTCS	VALU
FTCS	VOD
FTCS	VONE
FTCS	VONG
FTCS	VTWG
FTCS	VTWO
FTCS	VTWV
FULT	BOKF
FULT	CATY
FULT	COLB
FULT	CVBF
FULT	FIBK
FULT	FITB
FULT	FMBI
FULT	GASS
FULT	HAWK
FULT	HOMB
FULT	ON
FULT	PBBI
FULT	PZZA
FULT	TBRA
FULT	TRMB
FULT	TRS
FULT	UMBF
FV	AMGN
FV	BBC
FV	BBH
FV	BBP
FV	BIB
FV	CFO
FV	FAD
FV	FEP
FV	FNY
FV	FTC
FV	FXCM
FV	HSGX
FV	IART
FV	INWK
FV	IVAC
FV	ONCS
FV	PNNT
FV	PSCC
FV	PSCF
FV	QQEW
FV	QQQX
FV	SKYW
FV	TOWN
FV	VALU
FV	VONE
FV	VTGN
FV	VTNR
FV	VTWG
FV	WEN
FV	WPCS
FYC	CSF
FYC	DGRW
FYC	FNY
FYC	FTC
FYC	FYT
FYC	PRFT
FYC	PSCF
FYC	PSCH
FYC	QQQX
FYC	VALU
FYC	VTNR
FYC	VTWG
FYC	VTWO
FYC	VTWV
FYT	AIRR
FYT	FAB
FYT	FNK
FYT	FNX
FYT	FTA
FYT	FYC
FYT	FYT
FYT	JKHY
FYT	PRFT
FYT	PSCI
FYT	RNWK
FYT	VTWO
FYT	VTWV
FYX	DGRS
FYX	DGRW
FYX	FAB
FYX	FNK
FYX	FNX
FYX	FTA
FYX	FYC
FYX	FYT
FYX	JKHY
FYX	PPC
FYX	PRFT
FYX	PSCC
FYX	PSCH
FYX	PSCI
FYX	QBAK
FYX	RNWK
FYX	VALU
FYX	VTNR
FYX	VTWG
FYX	VTWO
FYX	VTWV
GABC	TGTX
GALTU	BWLD
GALTU	CASS
GALTU	FEMB
GALTU	GENE
GALTU	PSCI
GALTU	PSMT
GALTU	VIIX
GALTU	WWD
GBCI	BPFH
GBCI	CATY
GBCI	COLB
GBCI	CVBF
GBCI	ETFC
GBCI	EWBC
GBCI	FFBC
GBCI	FFIN
GBCI	FIBK
GBCI	FITB
GBCI	FMBI
GBCI	FULT
GBCI	FYC
GBCI	HABT
GBCI	HAWK
GBCI	HOLX
GBCI	HOMB
GBCI	IBCP
GBCI	IBKR
GBCI	LTRX
GBCI	MBCN
GBCI	ON
GBCI	OXLCO
GBCI	PNBK
GBCI	PULM
GBCI	PZZA
GBCI	SITO
GBCI	SWKS
GBCI	TOWN
GBCI	TRMB
GBCI	TRS
GBCI	UBSH
GBCI	UMBF
GBCI	VXUS
GBCI	WABC
GBCI	ZGNX
GK	AROW
GK	FYC
GK	SHBI
GK	SIFY
GOLD	OZRK
GOLD	PRZM
GOLD	RGEN
GOLD	SSNC
GOOG	GOOG
GOOG	SKYW
GOOGL	GOOG
GOV	HPJ
GOV	SNCR
GSBC	CATY
HAFC	CBSH
HAFC	FMBI
HAFC	GBCI
HAFC	NBN
HAFC	PZZA
HAFC	TRMB
HAFC	VXUS
HBAN	FITB
HBAN	FMBI
HBAN	FULT
HBHC	FITB
HBHC	IBCP
HBHC	LTRX
HBHC	UMBF
HOMB	FMBI
HOMB	GBCI
HOPE	COLB
HOPE	FIBK
HOPE	ON
HPT	GOV
HPT	SNCR
IBB	ACAD
IBB	ALNY
IBB	AMGN
IBB	ARIA
IBB	BBC
IBB	BBH
IBB	BBP
IBB	BIB
IBB	BIIB
IBB	BMRN
IBB	CELG
IBB	CEMP
IBB	ENTA
IBB	FOLD
IBB	FV
IBB	IKNX
IBB	INCR
IBB	INOD
IBB	INWK
IBB	MDSY
IBB	MXWL
IBB	NUVA
IBB	PGLC
IBB	PRSS
IBB	PRTS
IBB	PSCF
IBB	PTIE
IBB	QCRH
IBB	RAND
IBB	REGI
IBB	SGC
IBB	TECD
IBB	TSRI
IBB	WPCS
IBKC	FMBI
IBKC	TRMB
IFGL	ACWX
IFGL	IFEU
IFGL	IFV
IFGL	SCYX
IFGL	VNOM
IFGL	VWR
IFV	AAXJ
IFV	ACWI
IFV	ACWX
IFV	ADRD
IFV	AIA
IFV	EUFN
IFV	FEP
IFV	FEX
IFV	IVAC
IFV	QNST
IFV	SCYX
IFV	VICR
IFV	VNOM
IFV	VWR
IGF	ACWI
IGF	ACWX
IGF	ADRD
IGF	CDC
IGF	EMIF
IGF	EUFN
IGF	FTA
IGF	FTRI
IGF	IVAC
IGF	VICR
IGF	VNOM
IGF	VONG
IGF	VWR
IGF	WMIH
IGOV	ISCA
ILMN	BIB
INCY	BIB
INCY	TGLS
INDB	CFNL
INDB	CVBF
INDB	FMBI
INDB	HAFC
INDB	IBKC
INDB	NBN
INDB	ON
INDB	PZZA
INDB	TRMB
INTC	ACWI
INTC	TCX
ISBC	FMBI
ISBC	NBN
ISHG	IGOV
IXUS	AAXJ
IXUS	ACWI
IXUS	ACWX
IXUS	ADRD
IXUS	ADRE
IXUS	ADRU
IXUS	AIA
IXUS	CARZ
IXUS	CIZ
IXUS	DGRE
IXUS	DGRW
IXUS	EEMA
IXUS	EMIF
IXUS	EUFN
IXUS	FDT
IXUS	FEM
IXUS	FEP
IXUS	FLEX
IXUS	FPA
IXUS	FTA
IXUS	FUND
IXUS	ICLN
IXUS	IFGL
IXUS	IFV
IXUS	IGF
IXUS	IPKW
IXUS	JKHY
IXUS	SCYX
IXUS	VICR
IXUS	VNOM
IXUS	VTGN
IXUS	VWR
IXUS	XGTIW
JCOM	ACWI
JCOM	QQQC
JD	KVHI
JJSF	RDUS
JJSF	WDC
JKHY	SKYW
JKI	ACWI
JKI	CFO
JKI	FAB
JKI	FEX
JKI	FNX
JKI	FTA
JKI	VTGN
JKI	VTWV
KELYB	ABAC
KELYB	ABEO
KELYB	ACRX
KELYB	AEZS
KELYB	AMCC
KELYB	APPY
KELYB	ARCI
KELYB	ATEC
KELYB	ATOS
KELYB	BEBE
KELYB	BPFHW
KELYB	BPTH
KELYB	BSPM
KELYB	CALI
KELYB	CAPNW
KELYB	CCCR
KELYB	CENX
KELYB	CNTF
KELYB	CSII
KELYB	CXDC
KELYB	DGRE
KELYB	DISCB
KELYB	DVCR
KELYB	ENG
KELYB	ENPH
KELYB	ESES
KELYB	EWZS
KELYB	FFBCW
KELYB	GCBC
KELYB	GIFI
KELYB	GTLS
KELYB	GTXI
KELYB	IMOS
KELYB	INVE
KELYB	IRMD
KELYB	ITI
KELYB	LBTYA
KELYB	LFUS
KELYB	LIND
KELYB	MCBC
KELYB	NEON
KELYB	PTSI
KELYB	RBCAA
KELYB	RDNT
KELYB	RNST
KELYB	RPRX
KELYB	SEAC
KELYB	SGEN
KELYB	SGYPU
KELYB	SHSP
KELYB	SIEB
KELYB	SMED
KELYB	SMRT
KELYB	SPCB
KELYB	SREV
KELYB	STRL
KELYB	SYNT
KELYB	TA
KELYB	TCCO
KELYB	TRVN
KELYB	TVIZ
KELYB	VIAV
KELYB	VTL
KELYB	WIX
KELYB	XENT
KELYB	ZEUS
LAMR	FNY
LBRDA	CHTR
LBRDA	LBRDA
LBRDK	CHTR
LBRDK	LBRDA
LBTYA	LBTYB
LBTYK	LBTYA
LGCYP	LGCYO
LGND	BIB
LKFN	BANF
LKFN	BANR
LKFN	BMTC
LKFN	CBSH
LKFN	CFNL
LKFN	COLB
LKFN	DCOM
LKFN	EGBN
LKFN	FFBC
LKFN	FFIN
LKFN	FIBK
LKFN	FITB
LKFN	FMBI
LKFN	FULT
LKFN	GABC
LKFN	GBCI
LKFN	GBNK
LKFN	HBAN
LKFN	IBKC
LKFN	INDB
LKFN	ISBC
LKFN	NBN
LKFN	NVMI
LKFN	ON
LKFN	PBBI
LKFN	PULM
LKFN	PZZA
LKFN	RNET
LKFN	SANW
LKFN	SFM
LKFN	SQQQ
LKFN	STBA
LKFN	SWKS
LKFN	TRMB
LKFN	TRS
LKFN	UCBA
LKFN	UMBF
LKFN	WAFDW
LKFN	WTBA
LLTC	AVGO
LLTC	MCHI
LLTC	MPET
LLTC	QSII
LLTC	SORL
LLTC	TCX
LLTC	TWOU
LLTC	XIV
LMCA	LMCA
LMCA	SIR
LMCK	LMCA
LTXB	GBCI
LTXB	HBHC
MATW	FYC
MATW	SYBT
MBFI	CFNL
MBFI	FFBC
MBFI	FMBI
MBFI	GBCI
MBFI	HAFC
MBFI	PZZA
MBFI	VXUS
MBWM	FULT
MBWM	NBN
MBWM	SWKS
MBWM	WTBA
MCHI	AAXJ
MCHI	AIA
MCHP	LLTC
MCHP	OMEX
MCHP	QSII
MCHP	SORL
MENT	DGRW
MEOH	FTRI
MNST	IXYS
MORN	FAD
MORN	VALU
MPWR	ADI
MPWR	AVGO
MPWR	LLTC
MPWR	QSII
MPWR	SORL
MSFG	PCAR
MSFT	CA
MSFT	SKYW
MSTR	SNMX
MXIM	ADI
MXIM	SORL
NBTB	BANR
NBTB	CATY
NBTB	CVBF
NBTB	FMBI
NBTB	ON
NBTB	PZZA
NFBK	FFIC
NLNK	NBIX
NTRS	ADP
NTRS	AMTD
NTRS	CINF
NTRS	CTSH
NTRS	EFII
NTRS	FITB
NTRS	FMBI
NTRS	FULT
NTRS	GBCI
NTRS	NBTB
NTRS	NDAQ
NTRS	ON
NTRS	PATK
NTRS	PBBI
NTRS	SBLKL
NTRS	STBA
NTRS	TCBIW
NTRS	TRMB
NTRS	UBSH
NVDA	ISIL
NVDA	TOWN
NWS	NWS
NWSA	NWS
NXPI	IDTI
ONB	CATY
ONB	COLB
ONB	CVBF
ONB	FMBI
ONB	FULT
ONB	GBCI
ONB	HOMB
ONB	NBTB
ONB	NTRS
ONB	SBLKL
ONB	TRMB
ONB	UBSH
ONEQ	AAPL
ONEQ	ACWI
ONEQ	ADP
ONEQ	ADRA
ONEQ	ADRD
ONEQ	AIRR
ONEQ	ANSS
ONEQ	AVGO
ONEQ	BBH
ONEQ	CARZ
ONEQ	CDNS
ONEQ	CFO
ONEQ	CHW
ONEQ	CINF
ONEQ	CMCSA
ONEQ	CPHD
ONEQ	CSF
ONEQ	CSQ
ONEQ	CSX
ONEQ	CTAS
ONEQ	DGRS
ONEQ	DGRW
ONEQ	DHIL
ONEQ	FAB
ONEQ	FAD
ONEQ	FEX
ONEQ	FISV
ONEQ	FJP
ONEQ	FLEX
ONEQ	FMK
ONEQ	FNK
ONEQ	FNX
ONEQ	FNY
ONEQ	FONE
ONEQ	FTA
ONEQ	FTC
ONEQ	FTCS
ONEQ	FUND
ONEQ	FV
ONEQ	FYC
ONEQ	FYX
ONEQ	GNTX
ONEQ	GOOGL
ONEQ	HSIC
ONEQ	IAC
ONEQ	IBB
ONEQ	IXUS
ONEQ	IXYS
ONEQ	JCOM
ONEQ	JKHY
ONEQ	JKI
ONEQ	LMCA
ONEQ	LMCK
ONEQ	MDRX
ONEQ	MENT
ONEQ	MPWR
ONEQ	MSCC
ONEQ	MSFT
ONEQ	MSTR
ONEQ	NWSA
ONEQ	PATK
ONEQ	PNNT
ONEQ	PPC
ONEQ	PRFT
ONEQ	PSCF
ONEQ	PSCH
ONEQ	PSCM
ONEQ	QBAK
ONEQ	QNST
ONEQ	QQEW
ONEQ	QQQC
ONEQ	QQQX
ONEQ	QSII
ONEQ	RDUS
ONEQ	RNWK
ONEQ	SCOR
ONEQ	SEED
ONEQ	SKYW
ONEQ	SNMX
ONEQ	SORL
ONEQ	SYNL
ONEQ	TCX
ONEQ	TOWN
ONEQ	TROVW
ONEQ	TTEC
ONEQ	TWOU
ONEQ	VALU
ONEQ	VNOM
ONEQ	VOD
ONEQ	VONE
ONEQ	VONG
ONEQ	VRSK
ONEQ	VRTU
ONEQ	VTGN
ONEQ	VTNR
ONEQ	VTWG
ONEQ	VTWO
ONEQ	VTWV
ONEQ	WMIH
ONEQ	XGTIW
ONEQ	XIV
ONEQ	ZIOP
OPHT	BBC
OPHT	BIB
OPHT	CLDX
OPHT	PTC
OSIS	FYC
OSIS	PRFT
OSIS	PSCH
OSIS	SWKS
OSIS	VALU
OZRK	CATY
OZRK	COLB
OZRK	CVBF
OZRK	FFBC
OZRK	FFIN
OZRK	FMBI
OZRK	GBCI
OZRK	GSBC
OZRK	IBKC
OZRK	IBOC
OZRK	PACB
OZRK	PULM
OZRK	PZZA
OZRK	TRMB
OZRK	TRS
PAAS	PRZM
PAAS	RGEN
PAAS	SSNC
PBCT	FMBI
PBCT	FULT
PCLN	CA
PCLN	CDC
PCLN	DXJS
PCLN	FEX
PCLN	FV
PCLN	IPKW
PCLN	KLAC
PCLN	KWEB
PCLN	LMCA
PCLN	PNNT
PCLN	QNST
PCLN	QSII
PCLN	SNSS
PCLN	TOWN
PCLN	VNOM
PFBC	CFNL
PFBC	HOPE
PFPT	SNMX
PNFP	AMTD
PNFP	BANF
PNFP	BANR
PNFP	BOKF
PNFP	BRKL
PNFP	BSRR
PNFP	CATY
PNFP	CBSH
PNFP	CFNL
PNFP	CHFC
PNFP	COLB
PNFP	CVBF
PNFP	DCOM
PNFP	EWBC
PNFP	FFBC
PNFP	FFIC
PNFP	FIBK
PNFP	FITB
PNFP	FMBI
PNFP	FNBC
PNFP	FULT
PNFP	GBCI
PNFP	HAFC
PNFP	HBAN
PNFP	HOPE
PNFP	HTLF
PNFP	IBKC
PNFP	IBOC
PNFP	ISBC
PNFP	MBFI
PNFP	MENT
PNFP	MPWR
PNFP	NBTB
PNFP	ONB
PNFP	PULM
PNFP	PZZA
PNFP	SBLKL
PNFP	SITO
PNFP	SRSC
PNFP	STB
PNFP	SWKS
PNFP	TBRA
PNFP	TCBIW
PNFP	TRMB
PNFP	TRS
PNFP	UBFO
PNFP	UBOH
PNFP	UBSH
PNFP	UCBA
PNFP	ULTR
PNFP	UMBF
PNFP	VXUS
PNFP	WABC
PNFP	WETF
PNFP	WRLD
PNFP	WTBA
PNFP	ZGNX
PNQI	QQEW
PNQI	SKYW
PNQI	SNSS
PPH	ACWI
PPH	DXJS
PPH	FYX
PPH	RNWK
PPH	WPCS
PRFZ	ACWI
PRFZ	AIRR
PRFZ	DGRS
PRFZ	FAB
PRFZ	FEX
PRFZ	FNK
PRFZ	FNX
PRFZ	FNY
PRFZ	FUND
PRFZ	FYC
PRFZ	FYT
PRFZ	FYX
PRFZ	JKI
PRFZ	ONEQ
PRFZ	PSCH
PRFZ	QBAK
PRFZ	RNWK
PRFZ	SKYW
PRFZ	TCX
PRFZ	VALU
PRFZ	VOD
PRFZ	VTNR
PRFZ	VTWG
PRFZ	VTWO
PRFZ	VTWV
PSAU	PAAS
PSAU	RGEN
PSAU	SSNC
PSCD	FNY
PSCD	FYC
PSCD	PRFZ
PSCD	VALU
PSCD	VTNR
PSCD	VTWO
PSCE	AXAS
PSCE	CRZO
PSCE	GLNG
PSCE	HEES
PSCE	TERP
PSCF	ABCB
PSCF	ACGL
PSCF	BANF
PSCF	CINF
PSCF	COBZ
PSCF	COLB
PSCF	CSF
PSCF	EWBC
PSCF	FCBC
PSCF	FITB
PSCF	FMBI
PSCF	FUND
PSCF	FYC
PSCF	GK
PSCF	HAFC
PSCF	INDB
PSCF	ISBC
PSCF	JCOM
PSCF	MANH
PSCF	PBCT
PSCF	PRFZ
PSCF	PSCF
PSCF	PZZA
PSCF	SFM
PSCF	SNMX
PSCF	SWKS
PSCF	TOWN
PSCF	TRMB
PSCF	TROVW
PSCF	VONG
PSCF	VTNR
PSCF	VTWG
PSCF	VTWO
PSCF	VXUS
PSCH	AMCX
PSCH	AMSG
PSCH	BBC
PSCH	BBP
PSCH	BIB
PSCH	CNMD
PSCH	FV
PSCH	FYC
PSCH	IBB
PSCH	ONEQ
PSCH	PSCM
PSCH	PTIE
PSCH	RTK
PSCH	TOWN
PSCH	TSRI
PSCH	VALU
PSCH	VTNR
PSCH	VTWG
PSCI	ACWI
PSCI	AIRR
PSCI	AZPN
PSCI	CFO
PSCI	DGRS
PSCI	DGRW
PSCI	FEX
PSCI	FNK
PSCI	FNX
PSCI	FNY
PSCI	FUND
PSCI	FV
PSCI	FYC
PSCI	FYT
PSCI	FYX
PSCI	JKI
PSCI	MENT
PSCI	PRFZ
PSCI	PSCD
PSCI	PSCM
PSCI	QNST
PSCI	QQQX
PSCI	QSII
PSCI	RNWK
PSCI	SCOR
PSCI	SKYW
PSCI	VALU
PSCI	VOD
PSCI	VTGN
PSCI	VTNR
PSCI	VTWV
PSCI	WVVI
PSCM	FYT
PSCM	PRFZ
PSCT	ADI
PSCT	AMAT
PSCT	CA
PSCT	CSF
PSCT	DXPS
PSCT	ESND
PSCT	FARO
PSCT	FCBC
PSCT	FNY
PSCT	FTC
PSCT	FUND
PSCT	FYC
PSCT	FYX
PSCT	GNTX
PSCT	HBAN
PSCT	LLTC
PSCT	MPWR
PSCT	MSCC
PSCT	MXIM
PSCT	NOVT
PSCT	ONEQ
PSCT	PRFZ
PSCT	PSCH
PSCT	PSCI
PSCT	QBAK
PSCT	QNST
PSCT	QQEW
PSCT	QQQX
PSCT	QSII
PSCT	RDUS
PSCT	RNWK
PSCT	SKYW
PSCT	SMSI
PSCT	SORL
PSCT	TCX
PSCT	TOWN
PSCT	TWOU
PSCT	VALU
PSCT	VTNR
PSCT	VTWG
PSCT	VTWO
PSCU	MGEE
PTEN	CRZO
PTEN	PSCE
PVTB	BANR
PVTB	BOKF
PVTB	BUSE
PVTB	CATY
PVTB	CBSH
PVTB	COLB
PVTB	CVBF
PVTB	DCOM
PVTB	EGBN
PVTB	EWBC
PVTB	FFBC
PVTB	FFIC
PVTB	FFIN
PVTB	FIBK
PVTB	FITB
PVTB	FMBI
PVTB	FULT
PVTB	GBCI
PVTB	HAFC
PVTB	HBAN
PVTB	HOMB
PVTB	HOPE
PVTB	IBKC
PVTB	IBOC
PVTB	INDB
PVTB	LBAI
PVTB	LKFN
PVTB	MBFI
PVTB	NBTB
PVTB	ONB
PVTB	OZRK
PVTB	PBCT
PVTB	PNFP
PVTB	PZZA
PVTB	SITO
PVTB	SWKS
PVTB	TRMB
PVTB	TRS
PVTB	UCBA
PVTB	ULTR
PVTB	UMBF
PVTB	VXUS
PVTB	WABC
PVTB	WTBA
PVTB	XTLB
PVTB	ZGNX
QABA	BOKF
QABA	BPFH
QABA	BRKL
QABA	CATY
QABA	CBF
QABA	CBSH
QABA	CFFN
QABA	CFNL
QABA	CHFC
QABA	COLB
QABA	CSF
QABA	CVBF
QABA	DCOM
QABA	EWBC
QABA	FFBC
QABA	FFIC
QABA	FMBI
QABA	FULT
QABA	FYC
QABA	GBCI
QABA	HAFC
QABA	HBAN
QABA	HOPE
QABA	HTLF
QABA	IBKC
QABA	IBOC
QABA	INDB
QABA	ISBC
QABA	MBFI
QABA	NBTB
QABA	ONB
QABA	OZRK
QABA	PBCT
QABA	PNFP
QABA	PSCF
QABA	PVTB
QABA	SITO
QABA	SWKS
QABA	TBRA
QABA	TRMB
QABA	TRS
QABA	UBOH
QABA	UBSH
QABA	UMBF
QABA	VTNR
QABA	VTWG
QABA	VTWO
QABA	VXUS
QABA	WABC
QABA	WAFDW
QABA	WRLD
QABA	ZGNX
QCLN	FSLR
QCLN	SORL
QCOM	MCHP
QCOM	QSII
QQEW	ACWI
QQEW	CFA
QQEW	CFO
QQEW	CHW
QQEW	CINF
QQEW	DGRW
QQEW	EFII
QQEW	FAD
QQEW	FEX
QQEW	FNX
QQEW	FNY
QQEW	FTC
QQEW	FTCS
QQEW	FYC
QQEW	ONEQ
QQEW	PRFZ
QQEW	QQEW
QQEW	QQQC
QQEW	QQQX
QQEW	QSII
QQEW	RDUS
QQEW	SKYW
QQEW	TCX
QQEW	TOWN
QQEW	VALU
QQEW	VOD
QQEW	VONE
QQEW	VONG
QQEW	VTGN
QQEW	VTNR
QQQ	AAPL
QQQ	ACWI
QQQ	ACWX
QQQ	AMAT
QQQ	AMTD
QQQ	AMZN
QQQ	ANSS
QQQ	CATY
QQQ	CFA
QQQ	CFO
QQQ	CHW
QQQ	CINF
QQQ	CIZ
QQQ	CSQ
QQQ	DGRS
QQQ	DGRW
QQQ	ETFC
QQQ	FEX
QQQ	FISV
QQQ	FLEX
QQQ	FMBI
QQQ	FMK
QQQ	FNX
QQQ	FNY
QQQ	FTC
QQQ	FTCS
QQQ	FUND
QQQ	FV
QQQ	FYC
QQQ	GOOGL
QQQ	HBAN
QQQ	HSIC
QQQ	IXUS
QQQ	JKHY
QQQ	KLAC
QQQ	MSFT
QQQ	NWS
QQQ	ONEQ
QQQ	PNQI
QQQ	PRFZ
QQQ	PSCI
QQQ	PSCT
QQQ	QQEW
QQQ	QQQC
QQQ	QQQX
QQQ	QSII
QQQ	RDUS
QQQ	RNWK
QQQ	SEED
QQQ	SKYW
QQQ	SORL
QQQ	TCX
QQQ	TOWN
QQQ	TWOU
QQQ	VALU
QQQ	VOD
QQQ	VONE
QQQ	VONG
QQQ	VRSK
QQQ	VRTU
QQQ	VTGN
QQQ	VTNR
QQQ	VTWG
QQQ	VTWV
QQQ	VWR
QQQX	CIZ
QQQX	QQQX
QQXT	ACWI
QQXT	ACWX
QQXT	ADBE
QQXT	ADP
QQXT	ADRD
QQXT	ADRU
QQXT	AIRR
QQXT	AKAM
QQXT	AMZN
QQXT	ANSS
QQXT	BBH
QQXT	BIB
QQXT	CA
QQXT	CERN
QQXT	CFO
QQXT	CHW
QQXT	CSF
QQXT	CSQ
QQXT	CTAS
QQXT	DGRW
QQXT	DWAT
QQXT	EFII
QQXT	FAD
QQXT	FAST
QQXT	FDT
QQXT	FEP
QQXT	FEX
QQXT	FISV
QQXT	FKU
QQXT	FLEX
QQXT	FMK
QQXT	FNX
QQXT	FNY
QQXT	FOXA
QQXT	FTC
QQXT	FTCS
QQXT	FUND
QQXT	FV
QQXT	FYC
QQXT	FYX
QQXT	GNTX
QQXT	HSIC
QQXT	IBB
QQXT	ICLN
QQXT	IFV
QQXT	INTU
QQXT	IPKW
QQXT	IXUS
QQXT	JBHT
QQXT	JKI
QQXT	LMCA
QQXT	LOGM
QQXT	NWSA
QQXT	ONEQ
QQXT	ORBC
QQXT	PAYX
QQXT	PNQI
QQXT	PPH
QQXT	PRFZ
QQXT	PSCH
QQXT	PSCI
QQXT	PSCT
QQXT	QQEW
QQXT	QQQ
QQXT	QQQX
QQXT	QSII
QQXT	RDUS
QQXT	RNWK
QQXT	SASR
QQXT	SBSI
QQXT	SCYX
QQXT	SKYW
QQXT	SNMX
QQXT	SNSS
QQXT	TCX
QQXT	TECD
QQXT	TOWN
QQXT	TSC
QQXT	VALU
QQXT	VIA
QQXT	VICR
QQXT	VNOM
QQXT	VOD
QQXT	VONE
QQXT	VONG
QQXT	VRNT
QQXT	VRSK
QQXT	VTGN
QQXT	VTNR
QQXT	VTWG
QQXT	VTWO
QQXT	VTWV
QQXT	VWR
QQXT	WMIH
QQXT	WPCS
QTEC	ADI
QTEC	AMAT
QTEC	AVGO
QTEC	DGRW
QTEC	ENTG
QTEC	FEX
QTEC	FLEX
QTEC	FMK
QTEC	FNX
QTEC	FUND
QTEC	IDTI
QTEC	ISIL
QTEC	LLTC
QTEC	MCHP
QTEC	ON
QTEC	PSCT
QTEC	QCLN
QTEC	QQEW
QTEC	QQQ
QTEC	RDUS
QTEC	SKYW
QTEC	SMSI
QTEC	SORL
QTEC	TCX
QTEC	TOWN
QTEC	TWOU
QTEC	XIV
QVCB	CIDM
QVCB	CISG
QVCB	ETFC
QVCB	EXEL
QVCB	FSLR
QVCB	KWEB
QVCB	MXWL
QVCB	SCLN
QVCB	TUES
QYLD	QQXT
QYLD	QTEC
QYLD	SORL
RARE	EPZM
RARE	MDGL
RBCAA	FFIN
RDVY	ACWI
RDVY	CFO
RDVY	DGRW
RDVY	FAB
RDVY	FEX
RDVY	FMK
RDVY	FNK
RDVY	FNX
RDVY	FTA
RDVY	ONEQ
RDVY	QCLN
RDVY	QQEW
RDVY	QQQ
RDVY	QQXT
RDVY	QTEC
RDVY	SKYW
RDVY	TCX
RDVY	TOWN
RDVY	VNOM
RDVY	VOD
RDVY	VONE
RDVY	VONG
RDVY	VTGN
RDVY	VTNR
RDVY	VTWV
REGN	BBH
REGN	BIB
REGN	BIIB
REGN	GILD
RGLD	PSAU
RNST	CTBI
RNST	LTXB
RNST	NBTB
RNST	RBCAA
RNST	SWKS
RNST	UMBF
ROBO	ACWI
ROBO	DGRS
ROBO	DGRW
ROBO	FNX
ROBO	FYT
ROBO	FYX
ROBO	PRFZ
ROBO	PSCI
ROBO	QQEW
ROBO	QQQ
ROBO	TCX
ROBO	TOWN
ROBO	VALU
ROBO	VTNR
ROBO	VTWV
RUSHB	RUSHA
RVEN	INCR
RVEN	MICTW
SBNY	CATY
SBNY	CBSH
SBNY	FITB
SBNY	FMBI
SBNY	HBAN
SBNY	ONB
SBNY	ZGNX
SBNYW	BMRA
SBNYW	OPXA
SBNYW	STAA
SBNYW	TTMI
SBSI	HBAN
SCZ	ACWI
SCZ	ACWX
SCZ	ADRD
SCZ	ADRE
SCZ	ADRU
SCZ	CARZ
SCZ	CIZ
SCZ	EUFN
SCZ	FDT
SCZ	FEP
SCZ	FGM
SCZ	FKU
SCZ	IFGL
SCZ	IFV
SCZ	IGF
SCZ	IPKW
SCZ	IXUS
SCZ	PPH
SCZ	QQXT
SCZ	VICR
SCZ	VNOM
SCZ	VWR
SEIC	FEP
SENEB	CGEN
SFNC	FITB
SFNC	NBTB
SFNC	VXUS
SIVB	COLB
SIVB	FFBC
SIVB	FMBI
SIVB	GBCI
SIVB	IBOC
SIVB	PVTB
SIVB	QABA
SIVB	TRMB
SIVB	UMBF
SKYY	ACWI
SKYY	ADRD
SKYY	AMZN
SKYY	CFO
SKYY	CINF
SKYY	DGRS
SKYY	DGRW
SKYY	FEX
SKYY	FNX
SKYY	FNY
SKYY	FTC
SKYY	FTCS
SKYY	FV
SKYY	FYC
SKYY	GNTX
SKYY	GOOGL
SKYY	MSFT
SKYY	ONEQ
SKYY	PAYX
SKYY	PNQI
SKYY	PRFZ
SKYY	PSCI
SKYY	QQEW
SKYY	QQQ
SKYY	QQQX
SKYY	QQXT
SKYY	QTEC
SKYY	RDVY
SKYY	ROBO
SKYY	TCX
SKYY	TOWN
SKYY	VALU
SKYY	VOD
SKYY	VONE
SKYY	VRSK
SKYY	VTGN
SKYY	VTWG
SKYY	VTWV
SMTC	PSCT
SNI	CDW
SNI	DISCA
SNI	DISCK
SNI	VGSH
SNI	VIA
SNPS	MENT
SNPS	QTEC
SNPS	SKYY
SOCL	PNQI
SOXX	ADI
SOXX	AVGO
SOXX	CHW
SOXX	CY
SOXX	FNX
SOXX	FUND
SOXX	FYC
SOXX	LLTC
SOXX	MCHP
SOXX	MPWR
SOXX	MXIM
SOXX	QCLN
SOXX	QCOM
SOXX	QQEW
SOXX	QTEC
SOXX	TCX
SOXX	TOWN
SOXX	TWOU
SOXX	VALU
SOXX	XIV
SQQQ	TVIA
SQQQ	TVIX
SQQQ	VIDI
SRCL	FNX
SSB	BANF
SSB	CHFC
SSB	FFBC
SSB	LKFN
SSB	NBTB
SSB	PNFP
SSB	QABA
SSB	UBOH
STBA	CVBF
STBA	FMBI
STBA	NBTB
STBA	SWKS
STBA	ULTR
STBZ	CFNL
STBZ	NBTB
STBZ	UMBF
SYBT	BPFH
SYMC	TOWN
TBRA	CACQ
TBRA	CDXS
TBRA	CTHR
TBRA	GALE
TBRA	NAME
TBRA	TNAV
TBRA	UCFC
TBRA	ZIONW
TCBI	CATY
TCBI	COLB
TCBI	FMBI
TCBI	FULT
TCBI	QABA
TCBI	ZGNX
TCBK	CVBF
TCBK	FFBC
TCBK	FMBI
TCBK	ULTR
TCBK	WABC
TDIV	ACWI
TDIV	CDC
TDIV	CFO
TDIV	CSCO
TDIV	DGRW
TDIV	FEX
TDIV	FISV
TDIV	FNX
TDIV	FYC
TDIV	FYX
TDIV	HSIC
TDIV	ONEQ
TDIV	PRFZ
TDIV	QCLN
TDIV	QQEW
TDIV	QQQ
TDIV	QQXT
TDIV	QTEC
TDIV	RDVY
TDIV	SKYY
TDIV	SOXX
TDIV	TOWN
TDIV	VALU
TDIV	VOD
TDIV	VTGN
TDIV	VTNR
TDIV	VTWG
TDIV	VTWV
THFF	TRS
TLT	VGIT
TMUS	TMUS
TMUSP	TMUS
TQQQ	ONEQ
TQQQ	QQEW
TQQQ	QQQ
TQQQ	XGTIW
TRMK	CATY
TRMK	CVBF
TRMK	FMBI
TRMK	FULT
TRMK	GBCI
TRMK	HOMB
TRMK	IBKC
TRMK	ONB
TRMK	PVTB
TRMK	QABA
TRMK	UMBF
TROVU	FSTR
TROVU	KBSF
TRTL	SMBK
TRTLU	OMCL
TVIX	VIDI
TVIZ	TVIX
TVIZ	VIDI
TXN	QTEC
TXN	SOXX
TXN	TSCO
UBFO	AFAM
UBFO	ALJJ
UBFO	ALSK
UBFO	AUMAU
UBFO	BKMU
UBFO	BMCH
UBFO	BOCH
UBFO	BRKL
UBFO	CIZN
UBFO	CLDC
UBFO	CLMS
UBFO	CRDS
UBFO	CVCY
UBFO	CWST
UBFO	EBMT
UBFO	ELOS
UBFO	FCCY
UBFO	HBAN
UBFO	IIVI
UBFO	IXYS
UBFO	JXSB
UBFO	KE
UBFO	LBRDA
UBFO	NRIM
UBFO	NSSC
UBFO	NUAN
UBFO	OCLR
UBFO	PENN
UBFO	PLPM
UBFO	PNTR
UBFO	PRSC
UBFO	RMCF
UBFO	RVNC
UBFO	SLP
UBFO	SMTX
UBFO	TENX
UBFO	TINY
UBFO	TRNS
UBFO	WFBI
UBFO	WTFC
UBNK	TRMK
UBNK	TRST
UBNK	WABC
UBSH	ISBC
UBSH	NBTB
UBSI	BPFH
UBSI	CATY
UBSI	CHFC
UBSI	COLB
UBSI	CVBF
UBSI	FFBC
UBSI	FIBK
UBSI	FMBI
UBSI	GBCI
UBSI	MBFI
UBSI	ONB
UBSI	PBCT
UBSI	SIVB
UBSI	WTBA
UCBI	BRKL
UCBI	CATY
UCBI	CBSH
UCBI	EGBN
UCBI	FFBC
UCBI	FFIC
UCBI	FMBI
UCBI	FRME
UCBI	IBKC
UCBI	LKFN
UCBI	NBTB
UCBI	SYBT
UCBI	WABC
UMBF	BANF
UMBF	CATY
UMBF	CBF
UMBF	CVBF
UMBF	FFBC
UMBF	FITB
UMBF	FMBI
UMBF	FULT
UMBF	GBCI
UMBF	HBHC
UMBF	IBKC
UMBF	NBTB
UMBF	ONB
UMBF	PNFP
UMBF	QABA
UMBF	SBNY
UMBF	SIVB
UMBF	STBA
UMBF	TCBI
UMBF	TCBK
UMBF	TRMK
UMBF	TRST
UMBF	UBSH
UMBF	UMBF
UMBF	VXUS
UMBF	WABC
UMBF	ZGNX
UMPQ	CATY
UMPQ	COLB
UMPQ	FFBC
UMPQ	FMBI
UMPQ	GBCI
UMPQ	HBAN
UMPQ	IBKC
UMPQ	LTXB
UMPQ	ONB
UMPQ	SIVB
UMPQ	TRMK
UMPQ	WTBA
UVSP	FFBC
VALX	FNX
VALX	FNY
VALX	FYC
VALX	PRFZ
VALX	QQXT
VALX	VTNR
VALX	VTWG
VCIT	VCIT
VCIT	VECO
VCLT	VGIT
VCSH	VCIT
VCSH	VECO
VGIT	TLT
VGIT	VCIT
VGIT	VCLT
VGIT	VGIT
VGLT	TLT
VGLT	VCLT
VIA	VIA
VIAB	VIA
VIDI	AAXJ
VIDI	ACWI
VIDI	ACWX
VIDI	ADRD
VIDI	AIA
VIDI	EEMA
VIDI	EMIF
VIDI	EUFN
VIDI	FEM
VIDI	FEP
VIDI	IFV
VIDI	IGF
VIDI	IXUS
VIDI	VNOM
VIDI	VWR
VIIX	TVIX
VIIZ	VIIX
VNQI	AAXJ
VNQI	ACWI
VNQI	ACWX
VNQI	ADRD
VNQI	AIA
VNQI	EEMA
VNQI	EMIF
VNQI	EUFN
VNQI	FEM
VNQI	FEP
VNQI	ICLN
VNQI	IFEU
VNQI	IFGL
VNQI	IFV
VNQI	IGF
VNQI	IXUS
VNQI	SOCL
VNQI	VIDI
VNQI	VWR
VNRBP	VNRBP
VNRCP	VNRBP
VONE	ACWI
VONE	ACWX
VONE	ADRD
VONE	AIRR
VONE	ANSS
VONE	CA
VONE	CDC
VONE	CFA
VONE	CFO
VONE	CMCSA
VONE	CSQ
VONE	DGRS
VONE	DGRW
VONE	DXPS
VONE	FAB
VONE	FAD
VONE	FEX
VONE	FMK
VONE	FNK
VONE	FNX
VONE	FNY
VONE	FTA
VONE	FTC
VONE	FTCS
VONE	FUND
VONE	FV
VONE	FYC
VONE	FYX
VONE	GT
VONE	IFV
VONE	JKI
VONE	MANT
VONE	NWSA
VONE	ONEQ
VONE	PPH
VONE	PRFZ
VONE	PSCI
VONE	QQEW
VONE	QQQ
VONE	QQXT
VONE	QTEC
VONE	RDVY
VONE	SANM
VONE	SKYY
VONE	SNPS
VONE	TDIV
VONE	TQQQ
VONE	VALX
VONE	VNQI
VONE	VONE
VONE	VONG
VONE	VTGN
VONE	VTNR
VONE	VTWG
VONE	VTWO
VONE	VTWV
VONE	VWR
VONE	WMIH
VONG	ACWI
VONG	ACWX
VONG	ADP
VONG	ADRD
VONG	ADRU
VONG	AIA
VONG	AIRR
VONG	AMTD
VONG	ANSS
VONG	AVGO
VONG	AZPN
VONG	CA
VONG	CARZ
VONG	CATY
VONG	CDC
VONG	CFA
VONG	CFO
VONG	CHW
VONG	CINF
VONG	CIZ
VONG	CSF
VONG	CSQ
VONG	CTAS
VONG	DGRS
VONG	DGRW
VONG	DWAT
VONG	DXPS
VONG	ETFC
VONG	EUFN
VONG	FAB
VONG	FAD
VONG	FEP
VONG	FEX
VONG	FISV
VONG	FITB
VONG	FJP
VONG	FLEX
VONG	FLIR
VONG	FMBI
VONG	FNX
VONG	FNY
VONG	FTA
VONG	FTC
VONG	FTCS
VONG	FUND
VONG	FV
VONG	FYC
VONG	FYX
VONG	GNTX
VONG	GOOGL
VONG	HBAN
VONG	HDS
VONG	HSIC
VONG	ICLN
VONG	IPKW
VONG	IXUS
VONG	JKHY
VONG	JKI
VONG	LMCA
VONG	LTXB
VONG	MANH
VONG	MDRX
VONG	MKSI
VONG	MSFT
VONG	NATI
VONG	ONEQ
VONG	PAYX
VONG	PBCT
VONG	PNQI
VONG	PPH
VONG	PRFZ
VONG	PSCH
VONG	PSCI
VONG	PSCT
VONG	PVTB
VONG	QCLN
VONG	QQEW
VONG	QQQ
VONG	QQQX
VONG	QQXT
VONG	QTEC
VONG	RDVY
VONG	ROBO
VONG	SATS
VONG	SKYY
VONG	SNPS
VONG	SOXX
VONG	STX
VONG	TDIV
VONG	TECD
VONG	TQQQ
VONG	VALX
VONG	VIDI
VONG	VNQI
VONG	VONE
VONG	VONG
VONG	VRSK
VONG	VTGN
VONG	VTNR
VONG	VTWG
VONG	VTWO
VONG	VTWV
VONG	VWR
VONG	WEN
VONG	WMIH
VONG	XGTIW
VONG	ZIOP
VONV	ACWI
VONV	CDC
VONV	CFA
VONV	CFO
VONV	CTAS
VONV	DGRS
VONV	DGRW
VONV	EUFN
VONV	FAB
VONV	FEP
VONV	FEX
VONV	FNX
VONV	FTA
VONV	FTC
VONV	FTCS
VONV	IGF
VONV	JKI
VONV	ONEQ
VONV	QQEW
VONV	QQQ
VONV	QQXT
VONV	QTEC
VONV	RDVY
VONV	TDIV
VONV	VONE
VONV	VONG
VONV	VTGN
VONV	VTWO
VONV	VTWV
VONV	VWR
VONV	WMIH
VRSN	FV
VRSN	ONEQ
VRSN	QQQ
VRSN	QQXT
VRSN	SKYY
VRSN	TQQQ
VRTX	GERN
VTHR	ACWI
VTHR	ACWX
VTHR	CFO
VTHR	DGRS
VTHR	DGRW
VTHR	FEX
VTHR	FLEX
VTHR	FNX
VTHR	FTCS
VTHR	FV
VTHR	IXUS
VTHR	JKI
VTHR	ONEQ
VTHR	QQEW
VTHR	QQQ
VTHR	QQXT
VTHR	RDVY
VTHR	SKYY
VTHR	TQQQ
VTHR	VALX
VTHR	VONE
VTHR	VONG
VTHR	VONV
VTHR	VTNR
VTHR	VTWG
VTHR	VTWV
VTWG	ACIW
VTWG	AKAM
VTWG	ALGN
VTWG	AMGN
VTWG	BBH
VTWG	BPFH
VTWG	CAVM
VTWG	CELG
VTWG	CERN
VTWG	CERS
VTWG	CFO
VTWG	COLB
VTWG	CSF
VTWG	DGRW
VTWG	ETFC
VTWG	FAD
VTWG	FEX
VTWG	FMBI
VTWG	FNX
VTWG	FNY
VTWG	FTC
VTWG	FTCS
VTWG	FUND
VTWG	FV
VTWG	FYC
VTWG	FYX
VTWG	HAFC
VTWG	HBAN
VTWG	IBB
VTWG	JCOM
VTWG	LBTYK
VTWG	MANH
VTWG	MASI
VTWG	MENT
VTWG	MSTR
VTWG	NVAX
VTWG	ONEQ
VTWG	PLKI
VTWG	PNQI
VTWG	PRFZ
VTWG	PSCD
VTWG	PSCH
VTWG	PSCI
VTWG	PSCT
VTWG	QABA
VTWG	QCLN
VTWG	QQEW
VTWG	QQQ
VTWG	QQQX
VTWG	QQXT
VTWG	QTEC
VTWG	RDVY
VTWG	RDWR
VTWG	ROBO
VTWG	SKYY
VTWG	SNPS
VTWG	TCBK
VTWG	TDIV
VTWG	TQQQ
VTWG	TROW
VTWG	VALX
VTWG	VONE
VTWG	VTHR
VTWG	VTWG
VTWG	VTWV
VTWG	ZIOP
VTWO	AAON
VTWO	ACWI
VTWO	ACWX
VTWO	ADP
VTWO	ADRD
VTWO	AIA
VTWO	AIRR
VTWO	AKAM
VTWO	AMGN
VTWO	AMKR
VTWO	AZPN
VTWO	BANF
VTWO	BGCP
VTWO	BOKF
VTWO	CDC
VTWO	CFO
VTWO	COLB
VTWO	CSF
VTWO	CSFL
VTWO	CTAS
VTWO	DGRS
VTWO	DGRW
VTWO	EUFN
VTWO	FAB
VTWO	FAD
VTWO	FDT
VTWO	FEP
VTWO	FEX
VTWO	FFIC
VTWO	FITB
VTWO	FLEX
VTWO	FLIR
VTWO	FMBI
VTWO	FNK
VTWO	FNX
VTWO	FNY
VTWO	FTA
VTWO	FTC
VTWO	FTCS
VTWO	FUND
VTWO	FV
VTWO	FYC
VTWO	FYT
VTWO	FYX
VTWO	GBCI
VTWO	GNTX
VTWO	GSBC
VTWO	HAFC
VTWO	HOMB
VTWO	HUBG
VTWO	IBKC
VTWO	IMMR
VTWO	IPKW
VTWO	ISBC
VTWO	ISIL
VTWO	IXUS
VTWO	JKI
VTWO	LFUS
VTWO	LOGM
VTWO	LYTS
VTWO	NFBK
VTWO	NWSA
VTWO	ONB
VTWO	ONEQ
VTWO	PAYX
VTWO	PBCT
VTWO	PDCO
VTWO	PPH
VTWO	PRFZ
VTWO	PSCD
VTWO	PSCH
VTWO	PSCI
VTWO	PSCT
VTWO	QABA
VTWO	QCLN
VTWO	QGEN
VTWO	QQEW
VTWO	QQQ
VTWO	QQXT
VTWO	QTEC
VTWO	ROBO
VTWO	RTRX
VTWO	SANM
VTWO	SCSC
VTWO	SKYY
VTWO	SNPS
VTWO	SOXX
VTWO	TCBK
VTWO	TDIV
VTWO	THFF
VTWO	TQQQ
VTWO	TRMK
VTWO	UMPQ
VTWO	VALX
VTWO	VNQI
VTWO	VOD
VTWO	VONE
VTWO	VONG
VTWO	VONV
VTWO	VTHR
VTWO	VTWG
VTWO	VTWO
VTWO	VTWV
VTWO	VWR
VTWO	XGTIW
VTWV	AIRR
VTWV	DGRS
VTWV	FAB
VTWV	FNX
VTWV	FTA
VTWV	FYC
VTWV	FYX
VTWV	PRFZ
VTWV	VALX
VTWV	VONV
VTWV	VTWV
VUSE	ACWI
VUSE	AIRR
VUSE	CDC
VUSE	CFO
VUSE	CSF
VUSE	DGRS
VUSE	DGRW
VUSE	FAB
VUSE	FEX
VUSE	FLEX
VUSE	FNK
VUSE	FNX
VUSE	FNY
VUSE	FTA
VUSE	FTC
VUSE	FTCS
VUSE	FUND
VUSE	FV
VUSE	FYC
VUSE	FYT
VUSE	FYX
VUSE	JKI
VUSE	NWSA
VUSE	ONEQ
VUSE	PNQI
VUSE	PPH
VUSE	PRFZ
VUSE	PSCI
VUSE	QCLN
VUSE	QQEW
VUSE	QQXT
VUSE	QTEC
VUSE	ROBO
VUSE	SKYY
VUSE	TDIV
VUSE	TQQQ
VUSE	VALX
VUSE	VONE
VUSE	VONG
VUSE	VONV
VUSE	VTHR
VUSE	VTWG
VUSE	VTWO
VUSE	VTWV
VXUS	ACWI
VXUS	ACWX
VXUS	ADRD
VXUS	ADRE
VXUS	ADRU
VXUS	CARZ
VXUS	CIZ
VXUS	DAX
VXUS	DGRE
VXUS	EUFN
VXUS	FDT
VXUS	FEM
VXUS	FEP
VXUS	FGM
VXUS	FUND
VXUS	IFGL
VXUS	IGF
VXUS	IXUS
VXUS	SCZ
VXUS	VIDI
VXUS	VNQI
WABC	CVBF
WABC	GBCI
WABC	NBTB
WABC	UMBF
WAFD	BANF
WAFD	BRKL
WAFD	CATY
WAFD	CBSH
WAFD	CFNL
WAFD	COLB
WAFD	CVBF
WAFD	DCOM
WAFD	EGBN
WAFD	EWBC
WAFD	FFBC
WAFD	FFIC
WAFD	FFIN
WAFD	FIBK
WAFD	FITB
WAFD	FMBI
WAFD	FRME
WAFD	FULT
WAFD	FYC
WAFD	GBCI
WAFD	HAFC
WAFD	HOMB
WAFD	HOPE
WAFD	HTLF
WAFD	IBKC
WAFD	ISBC
WAFD	MBFI
WAFD	NBTB
WAFD	ONB
WAFD	PBCT
WAFD	PNFP
WAFD	PVTB
WAFD	QABA
WAFD	SASR
WAFD	TCBI
WAFD	TCBK
WAFD	TRMK
WAFD	TRST
WAFD	UBNK
WAFD	UBSI
WAFD	UCBI
WAFD	UMBF
WAFD	UMPQ
WAFD	WABC
WAFD	WTBA
WAFD	ZGNX
WASH	BUSE
WASH	CFNL
WASH	CHFC
WASH	FFIC
WASH	GSBC
WASH	ISBC
WASH	LBAI
WASH	LKFN
WASH	MATW
WASH	NBTB
WASH	OKSB
WASH	ONB
WASH	PSTB
WASH	PVTB
WASH	QABA
WASH	SYBT
WASH	UBSH
WASH	UMPQ
WOOD	CSQ
WOOD	DGRW
WOOD	FEP
WOOD	FUND
WOOD	FV
WOOD	LLTC
WOOD	PRFZ
WOOD	QCLN
WOOD	RDVY
WOOD	TDIV
WOOD	VONV
WOOF	CFO
WOOF	CTSH
WOOF	FAD
WOOF	FEX
WOOF	FISV
WOOF	FUND
WOOF	FV
WOOF	MAR
WOOF	NKTR
WOOF	PZZA
WOOF	QQXT
WOOF	SLAB
WOOF	SNPS
WOOF	THRM
WSBC	CATY
WSBC	FMBI
WSBC	FULT
WSBC	GBCI
WSBC	PNFP
WSBC	TRMK
WSBC	ZGNX
WSFS	TRMK
WTFC	CATY
WTFC	COLB
WTFC	FITB
WTFC	FMBI
WTFC	FULT
WTFC	HBAN
WTFC	ONB
WTFC	PNFP
WTFC	TRMK
WTFC	UBSI
WTFC	UMPQ
WWD	AIRR
WWD	HDS
XIV	ZIOP
XLNX	QTEC
XLNX	SOXX
XRAY	PDCO
XRAY	SKYY
ZION	FITB
ZION	FMBI
ZION	PVTB
ZIV	XIV